{"count":1,"self":23946.059776,"total":35788.424868,"children":{"InitializeActuators":{"count":1,"self":0.0010401,"total":0.0010401,"children":null},"InitializeSensors":{"count":1,"self":0.0010459,"total":0.0010459,"children":null},"AgentSendState":{"count":1728681,"self":1.7986688,"total":93.9637606,"children":{"CollectObservations":{"count":1728681,"self":76.0262272,"total":76.02622439999999,"children":null},"WriteActionMask":{"count":1728681,"self":0.5701507,"total":0.5701507,"children":null},"RequestDecision":{"count":1728681,"self":1.0303658,"total":15.5687167,"children":{"AgentInfo.ToProto":{"count":1728681,"self":2.3348812,"total":14.5383509,"children":{"GenerateSensorData":{"count":1728681,"self":12.2034696,"total":12.203469799999999,"children":null}}}}}}},"DecideAction":{"count":1728681,"self":11745.769062399999,"total":11745.7692083,"children":null},"AgentAct":{"count":1728681,"self":2.6267671999999997,"total":2.6267671,"children":null}},"gauges":{},"metadata":{"timer_format_version":"0.1.0","start_time_seconds":"1773931946","unity_version":"2022.3.62f2c1","command_line_arguments":"D:\\DRL_Navigation\\Builds\\Project_1.exe --mlagents-port 5005","communication_protocol_version":"1.5.0","com.unity.ml-agents_version":"2.0.2","scene_name":"SampleScene","end_time_seconds":"1773967735"}}